{
    "da": {
        "Q15991303": 10.025703794369645042,
        "Q178561": 0.08935128518971848,
        "Q18131152": 0.023255813953488372,
        "Q18536594": 0.09879349536632279,
        "Q18608583": 0.04214023430669697,
        "Q26132862": 0.04179052281867459,
        "Q26213387": 0.18796992481203006,
        "Q27020041": 0.3923762895611121,
        "Q46190676": 0.039692253890540305,
        "Q47345468": 0.05892638573177129
    }
}